Measurement_Mode,Frequency [Hz],S11_Amp_Mean,S11_Amp_Err,S11_Phase_Mean,S11_Phase_Err,S21_Amp_Mean,S21_Amp_Err,S21_Phase_Mean,S21_Phase_Err
110_Wide,1000000000.0,0.9066552178923348,0.28858630643563826,45.28625041371117,102.44215679843451,0.9267167821530906,0.28097073083039437,62.503841992194204,83.50959109840737
110_Wide,1010000000.0,0.862972907122056,0.19047823441054915,-28.004478744860638,125.01882615653413,0.8776818804504479,0.17009138518715616,37.91004435978607,108.74015687911839
110_Wide,1020000000.0,0.716674152842046,0.2565173430670379,4.767673253283135,103.21552396085244,0.8325519112559415,0.3294289295624054,-0.6310583981434401,128.96009758305988
110_Wide,1030000000.0,0.5968023331800208,0.2966510132284638,55.456645850205405,56.08497698129999,0.7385971061324329,0.36369627202167226,7.9582332440096195,117.33801545168983
110_Wide,1040000000.0,0.5888094939587281,0.27043619103339417,31.96569139920485,121.55957909236784,0.6668019459569895,0.2814185886958881,33.69374479924774,123.325417210978
110_Wide,1050000000.0,0.8327387011966221,0.22616116257028662,-35.66458369212376,114.94505674105672,0.8440393559691778,0.24172908272668012,-23.573299629736912,71.23242700686858
110_Wide,1060000000.0,0.8840565107149252,0.21571390108693364,-48.84286734877757,91.83891097031741,0.6729041583826872,0.33761054015672354,-11.681921377458641,90.97368931850148
110_Wide,1070000000.0,0.806440146756105,0.18785710132254135,17.176655639498463,101.05753368154532,0.7652895340427501,0.24730372613940052,17.74411905460304,103.16749349331796
110_Wide,1080000000.0,0.7940116774494275,0.2641557205303858,58.753848974369944,69.8116168573739,0.8477132622696743,0.18123773051482897,-12.029020989031327,107.01901736343139
110_Wide,1090000000.0,0.8466518073188642,0.31553999490585954,50.1330985609639,90.55963902064883,0.7641295168574915,0.363479689559855,14.946513031585374,100.44689119251007
110_Wide,1100000000.0,0.8325864637632792,0.32406318346122825,-22.56400694811721,122.93231605396862,0.8280859845198982,0.24544997577941302,13.309588307336726,88.69134804751452
110_Wide,1110000000.0,0.7194777162306205,0.2621937252580936,-9.242881250777257,134.3291764067964,0.7728181017020703,0.2565611851716156,26.961779171522533,125.91333617519982
110_Wide,1120000000.0,0.6636765339898155,0.2916212487975484,24.664834775159832,89.46388591757665,0.8321053300675929,0.2372270406646505,43.95434931669183,102.80478974002446
110_Wide,1130000000.0,0.7286254054930925,0.2834346905634823,-4.18642349552537,102.9469125763169,0.8793239618834918,0.36221182395039364,-5.105448771608973,124.58343165906459
110_Wide,1140000000.0,0.7059831219422132,0.2786236442313169,-1.1540392567344548,70.09439515743944,0.7491260384068453,0.2778121943140667,45.00244431473182,98.125989938428
110_Wide,1150000000.0,0.7979717549833094,0.19623870660807594,67.71968293175824,70.8363340931408,0.6595208124064036,0.2843889549830464,9.831520770743321,103.53893222883728
110_Wide,1160000000.0,0.7401469159515792,0.3853697773556111,10.567079839144133,91.66051170479211,0.73863387973745,0.2876758528677781,6.662739251550483,123.31322829440062
110_Wide,1170000000.0,0.6242613609006552,0.28472332259540417,28.20171138136953,95.79580732815556,0.6587214779082586,0.32611194410618477,12.423409068886722,100.96672600449222
110_Wide,1180000000.0,0.8013391559668476,0.2768084202564985,-38.31891137905581,114.23255316537919,0.8558564175330342,0.3121796890064928,-39.1000989829765,105.0204575485274
110_Wide,1190000000.0,0.8705527722138682,0.43206349867253724,19.47343183655766,86.26168136154595,0.8249067637272746,0.2722465752282047,5.051255951712442,104.59899790533863
110_Wide,1200000000.0,0.895542395950465,0.27935376764313846,-56.264223706645716,66.221506585362,0.6881915623518535,0.41299660119570153,-12.080675615603097,101.13421256977512
110_Wide,1210000000.0,0.7166534500327704,0.3096250581389209,-22.921478494819773,93.37997660662327,0.7281387022858136,0.2832423127129317,22.175060114252677,120.06120528430681
110_Wide,1220000000.0,0.5986477018379643,0.2606973725773539,-40.79964238550528,123.97572727774248,0.8242928024057596,0.20346640353002002,-66.41124407975066,73.70753211257762
110_Wide,1230000000.0,0.7003705123224807,0.35480728052490257,-34.76272176532445,55.882119749793766,0.6576973055775186,0.34124837941794695,-58.158076077185534,80.7309417412927
110_Wide,1240000000.0,0.778550149986397,0.2905087276110634,0.34989638813965873,99.43952459110804,0.8758022634419576,0.1748158175303603,37.82090459607566,110.46979237505542
110_Wide,1250000000.0,0.7420465220706878,0.2942435937875969,-21.4734231511852,97.02593836071485,0.7900600987047707,0.31746823675979646,6.711456866856805,123.7393768881237
110_Wide,1260000000.0,0.8208709157821833,0.3568722910901411,-10.829899110834813,78.30780737234271,0.8901679168102712,0.2025248335973382,4.102123538967099,113.02098872369825
110_Wide,1270000000.0,0.8516976594093646,0.2463723816793109,-38.072220739509426,115.38327575317467,0.6463601668101366,0.2948421863378902,17.11109478598945,93.89923552542234
110_Wide,1280000000.0,0.6990349204841061,0.3865464359754393,59.07716892660994,101.5037504661709,0.7293352181765961,0.31715475407565774,0.8284021266789562,114.2129936089634
110_Wide,1290000000.0,0.7222136999117137,0.11814752867303667,41.192646287227,115.98613461474035,0.791782597522005,0.20271282630700763,-8.080757162037305,76.07786622387493
110_Wide,1300000000.0,0.8429226657750708,0.2796876380474681,-17.38945807086569,93.87443286992271,0.754068509952915,0.20784732971574096,41.61315892258394,126.24147448178742
110_Wide,1310000000.0,0.8731214863384351,0.32742569154938256,-2.2391407588979595,109.77847863447933,0.7696801109920758,0.2735837297999278,-15.950129485569182,92.3350591753175
110_Wide,1320000000.0,0.828432144518435,0.22865662922379162,-1.365414540542969,116.20429171785352,0.8423503038117571,0.22905827842355994,-4.023745717290209,116.406469865997
110_Wide,1330000000.0,0.7774163789250751,0.29415152837618996,-17.82051843941186,118.25543416084999,0.8041036543282019,0.2679596952068673,-23.23558017938464,100.23742645126478
110_Wide,1340000000.0,0.6759544643867372,0.41691391463340566,21.101960114433975,116.55145506096069,0.8012677075528174,0.24597350682592556,-13.931532749206838,107.41094383953485
110_Wide,1350000000.0,0.8331709983667385,0.2898493149207244,74.0101405859485,94.05762320540529,0.8760938889454712,0.19415857342764406,-54.535867714654515,95.21204261174145
110_Wide,1360000000.0,0.7012325442720471,0.2967857418198602,3.6609401436439257,127.67969310374774,0.7225690239383439,0.23330773121754075,-34.754181636099275,121.10600615107822
110_Wide,1370000000.0,0.8257244231730017,0.26422020612914576,-57.84588707549165,94.07538430350438,0.8210316607785625,0.24913786499261872,-8.397834935790373,117.01439573400936
110_Wide,1380000000.0,0.880663157085689,0.2546250874415477,-13.940981229303327,108.46316205624171,0.4947603158726074,0.25408681257794924,-44.698349170741096,91.14734950496529
110_Wide,1390000000.0,0.8266546278549958,0.1385663594337419,33.67945634415096,72.39644238914903,0.6160974393459256,0.4327710639984871,-27.644618939168854,105.10991452297228
110_Wide,1400000000.0,0.5357960611274762,0.17716508514791382,-3.1488041735976937,79.57291165099902,0.9034083287854718,0.2546188237682564,-49.26325403373981,93.72858531436131
110_Wide,1410000000.0,0.8058780038192861,0.26995027038823105,-20.514099199464688,78.98907210256418,0.750056905076661,0.21289484819876225,-21.382940534326917,119.96171527996732
110_Wide,1420000000.0,0.7965218333158536,0.3370749268708746,-24.315206701939683,99.01296762636396,0.777010625809464,0.2593744353272127,-56.848543895440606,59.12586200525583
110_Wide,1430000000.0,0.8476539757818978,0.24492215737839743,-6.275109245466197,97.52871866369148,0.6523480898934577,0.35194188094265016,-25.125617667188322,89.06933443064253
110_Wide,1440000000.0,0.8343579670822308,0.2512659164927298,-33.92971271141943,115.30829488113994,0.8380385320808251,0.32136469043063176,7.358060106013324,106.98079383944724
110_Wide,1450000000.0,0.802208186743878,0.31437952374600286,41.44847738694242,98.7820115353702,0.7650204809585954,0.2994798152043369,-21.238851846906883,103.55034824541208
110_Wide,1460000000.0,0.7899256421491457,0.3307071413617821,-0.07916451288029194,123.37119296556071,0.8181660051675101,0.23968416869627807,-17.671347955177445,93.29669327501524
110_Wide,1470000000.0,0.7153301636139918,0.3645590059655588,-2.269979886594034,116.2333622051566,0.7931316957286583,0.27611790465049024,20.406849603069556,88.85372219334005
110_Wide,1480000000.0,0.6414910983518349,0.27290886445604906,-5.007640518039131,119.37512538686569,0.5107349180610526,0.24445605557379996,25.66288487428698,80.88743301948308
110_Wide,1490000000.0,0.7784711067151456,0.33877785242224945,42.4634071188016,103.21524560092226,0.603153747023355,0.2883798356147746,42.630501120011054,99.88464348052203
110_Wide,1500000000.0,0.7894213786676522,0.3959630982121718,-1.0107876376463119,128.00190763571834,0.6451758521602002,0.19036843946508272,-16.668931723416847,115.50604871156783
110_Wide,1510000000.0,0.8404355144601352,0.14331361551861138,3.096932146129796,122.8379991857291,0.8198224310040477,0.2826427414635577,-21.977601158258324,100.11461524322942
110_Wide,1520000000.0,0.6458098796869784,0.2638736780362953,-4.934033181937862,132.70327099837397,0.6556639758822138,0.2844023137405223,33.68422633965002,92.95034879301895
110_Wide,1530000000.0,0.852754781949456,0.2627815758295986,35.517425202907354,117.09487432914958,0.7488967546142082,0.292896149523249,9.139524728909667,111.8281264361197
110_Wide,1540000000.0,0.6333934400915493,0.3496207192493629,74.05254193290337,89.90325732312898,0.8312591813270237,0.29683487653387386,-13.781618384321249,85.24218474521568
110_Wide,1550000000.0,0.7681843673832324,0.21340546318108272,50.892261351227724,91.7784077514705,0.783761804920915,0.31791614448725675,-32.760425455122856,99.56605309800527
110_Wide,1560000000.0,0.534789279605826,0.366923365508226,-22.46704060751104,121.59576388789584,0.6875327931810777,0.33514754025986543,37.01624264732323,105.00916053066828
110_Wide,1570000000.0,0.7856568035924892,0.18404089475774582,-33.98869332160313,106.77396263299265,0.6778522810967922,0.40626733323764624,66.08452382791981,98.33818343682134
110_Wide,1580000000.0,0.6956361214756472,0.2493010526456138,46.95708262718389,79.97350715866494,0.8842450420426431,0.27278479218193247,36.01836887354439,121.28656404923291
110_Wide,1590000000.0,0.6278362607270609,0.36764617970985425,-14.73768971682364,128.45652893686258,0.7318107322793483,0.2330817299854369,29.02179427806449,109.90328518094691
110_Wide,1600000000.0,0.697100127454389,0.2363934814755935,9.372730468804907,134.35856731025123,0.8330049830640848,0.3029758495562943,-2.237427051518076,104.39951093601488
110_Wide,1610000000.0,0.8082163016724883,0.30936100837928815,-61.64631054303363,89.6139925765243,0.9352202620240457,0.29554793961515474,19.86332046991883,51.614769746503164
110_Wide,1620000000.0,0.6926304370148788,0.3142040193455382,27.067764119317346,116.84690279074785,0.6549429712807909,0.3775234005627576,-24.517512996605056,123.6814138904366
110_Wide,1630000000.0,0.6918404438364606,0.25012861204795184,-36.90736121140282,103.3446892773494,0.5983067123750088,0.2207897867133019,-37.698243669990475,108.27386346802957
110_Wide,1640000000.0,0.7339456039591159,0.2898638625148571,1.0364313153417697,119.1741737691476,0.6290592253893093,0.2769203714144238,-19.053773420011474,113.11463943212048
110_Wide,1650000000.0,0.8863445321031077,0.1461713027868733,-4.233485141509605,116.64434650842513,0.6682988479595955,0.34593262836489636,33.584331119431866,77.36356701846624
110_Wide,1660000000.0,0.8472782538434778,0.2759843635087696,-5.810736951116874,116.43697145215646,0.713375230140263,0.21808885795926977,-18.402465018619285,107.05265184624739
110_Wide,1670000000.0,0.6480624583866325,0.3986777233846718,24.74871341782592,84.60239264904884,0.5575389335273838,0.28782543064035104,-40.64622669127134,109.21497528875152
110_Wide,1680000000.0,0.6116134860972698,0.2788065713166919,-14.64804322832326,100.96351107999459,0.6759300749445016,0.3645394250930592,-29.620576209650295,84.50722887135838
110_Wide,1690000000.0,0.8958308562892023,0.3017198156692696,-48.9681900138656,75.80367479245552,0.8015600308207228,0.22250921467040818,26.530392028623755,132.125335750397
110_Wide,1700000000.0,0.7443097396085088,0.31570470285933,34.52731621205842,104.14109202543783,0.708328779328761,0.34779248448254874,19.772860356475793,71.83523680433407
110_Wide,1710000000.0,0.7209570839362623,0.34886728802366423,24.45398047052798,103.87523206660858,0.7108408750609962,0.3034801207036402,-28.80425500015301,113.36220083267241
110_Wide,1720000000.0,0.7309624563943456,0.3576599263732421,-25.477309065556472,93.54932224537313,0.7387263261646985,0.31921513724014255,3.9937517206773334,106.14972694675821
110_Wide,1730000000.0,0.7797183983355007,0.25487506510921243,10.820568497672541,83.69143404302926,0.740864482591965,0.3014835417615932,97.84686428477399,67.79709332262276
110_Wide,1740000000.0,0.7023123260651989,0.2329183846501804,-1.4999431843177096,101.739937369112,0.8242152278071626,0.19806986060784143,-35.84610981764176,107.44631568071246
110_Wide,1750000000.0,0.6469011761249119,0.3085973482007681,-6.489506250066125,88.73485875646968,0.9323753214736017,0.24145861719213005,19.689422052676143,91.84332139460004
110_Wide,1760000000.0,0.915932012399747,0.2759696513974643,-30.550810051878383,94.77789087033811,0.8028571252365353,0.32252494540396587,18.743344458248952,90.73201285337407
110_Wide,1770000000.0,0.6523231168213276,0.19969432849167737,-6.138938620530788,112.67783406904509,0.6822926927372582,0.30447042261841106,-39.22515615663977,114.77656961933614
110_Wide,1780000000.0,0.8556456115095892,0.2656523967903409,13.89562044177846,46.11725964267142,0.6157126668267965,0.3702551009089588,-0.04428483230468885,117.04878680653815
110_Wide,1790000000.0,0.9034734183542518,0.2597479176182137,39.635341299632174,96.49247123332228,0.7101185195423826,0.2874871818982664,-19.311620047944956,103.37273462680616
110_Wide,1800000000.0,0.9113741505755972,0.25867303274327197,6.351919781325343,116.08535223649562,0.6553745607373516,0.2884619222526578,-18.052879302138013,83.70797058337865
110_Wide,1810000000.0,0.77208718679905,0.2640028730395995,-9.59612653089588,113.87104159767587,0.7275403649035799,0.2892232520028527,25.035077551814606,138.0333585409566
110_Wide,1820000000.0,0.6454270942552299,0.31187922186156586,51.8216897312661,133.27909216763092,0.6812883725020552,0.37450767544323743,-25.15881251007975,84.86101893466447
110_Wide,1830000000.0,0.800479690307016,0.23060693830492465,15.946663829316057,114.99340326274428,0.6703509887109987,0.27488208992908364,-65.31239724120687,79.51767169932724
110_Wide,1840000000.0,0.9052375041292319,0.22990402291045267,50.97378440368527,104.1198808841225,0.6196737328132539,0.3075307788233314,-1.513688493628809,136.5291393863156
110_Wide,1850000000.0,0.8683005720689829,0.27262185668236033,46.100832151184036,81.14547877499976,0.6915093545628005,0.27949088714617765,16.56834165440086,103.06343768821101
110_Wide,1860000000.0,0.8705792118966198,0.1449654025458965,10.654029442372117,114.90311273332706,0.7093742641498185,0.3580508396208474,-66.6708610902798,115.44762510173554
110_Wide,1870000000.0,0.6806374827812915,0.38072328143555906,-4.200940387777693,99.46337533498861,0.7910144697888597,0.36720498288257114,-14.717096538568107,118.55310360870052
110_Wide,1880000000.0,0.6568279167470751,0.3790729540872582,-32.4437474341993,84.59011321286623,0.875931157889039,0.31502561833540865,-31.357157988932496,96.27641279945084
110_Wide,1890000000.0,0.8106612314964071,0.4006745173041669,-11.600600492772623,116.31477090314206,0.657637171201567,0.3130447602356061,49.205825391686766,91.97203044044605
110_Wide,1900000000.0,0.9050853580602347,0.2461165115749736,4.497444767743392,128.24405870159913,0.7880179260911953,0.2537801755454822,-12.660656526970092,139.43286670448992
110_Wide,1910000000.0,0.8378344248245488,0.26940379528363173,-47.41717059176556,86.21544248173937,0.7338527720186303,0.2859301560939426,-28.85374081287142,74.67009449893229
110_Wide,1920000000.0,0.7783774992253477,0.26066608260743923,-7.0144861011336905,117.04572111451316,0.6474611609073209,0.2904920738933857,3.413467662360143,117.2834261006881
110_Wide,1930000000.0,0.8319611537715511,0.2654258734123841,-71.35254405832471,91.62804982252096,0.5746162843938049,0.23438300755590816,-75.84703490936467,92.78489620567397
110_Wide,1940000000.0,0.6637946173519431,0.34092071856777945,41.098940151143296,74.91578427956709,0.8483304298157719,0.265322671661739,63.95475886485073,84.91974471636223
110_Wide,1950000000.0,0.7725401466215397,0.2574163268781593,22.933639993839634,135.4591133921561,0.7076492538998148,0.24041933022915563,47.46467508553098,78.18392957070014
110_Wide,1960000000.0,0.7794532370960583,0.28683985414826296,-46.77857478114195,88.21131095637094,0.915836486264576,0.1939763543362829,40.0132202564647,73.80419341352741
110_Wide,1970000000.0,0.8525767474088444,0.24706423310721726,-26.418181822801625,87.31794941533981,0.8523981651717846,0.24266320013347709,-21.504397912526734,96.41857404401948
110_Wide,1980000000.0,0.778044058023949,0.26860388585058975,-16.516029945861153,120.59004080246538,0.7068617061360499,0.2744631844361016,39.85884082044223,90.73685115998157
110_Wide,1990000000.0,0.692602624108297,0.17632601377455648,-18.24387199970451,68.6029612051062,0.6671218133856264,0.2665371323305461,12.388752905249884,114.6604790923389
110_Wide,2000000000.0,0.8294627049672658,0.2778412875921207,2.4064791130215304,107.45260148739396,0.7366071208780748,0.28093080191911096,-9.7991505225151,128.0455208358783
110_Narrow,1000000000.0,0.7618722870994258,0.3937112509393669,-43.64588942970565,73.60073177224852,0.8669037101241661,0.20135063819649002,-49.31165586081572,115.72002070793877
110_Narrow,1010000000.0,0.7054026250658784,0.22023787312210313,48.35009089179317,97.64394719286676,0.7643301068587419,0.1821568518647331,-5.648294165331541,112.36789263496003
110_Narrow,1020000000.0,0.8762351970356271,0.24223782643489583,3.929098099478456,118.82838485735529,0.7602225500272719,0.38497565635226827,21.295981492288348,97.63832181854565
110_Narrow,1030000000.0,0.7370398584448034,0.24253359658596396,-17.371618394002592,100.15349725660661,0.8125338985723127,0.18445780280722654,24.54087895383717,134.0432580421431
110_Narrow,1040000000.0,0.6948160806156926,0.3160436284199471,44.25746960166851,119.46310079600313,0.8865120352925693,0.31231455003218994,8.886429387864572,92.20431974338642
110_Narrow,1050000000.0,0.9027920078600089,0.21183845316256003,-9.442109905182024,95.10034703799344,0.7635648973788643,0.28625778599917556,41.46265044674264,108.5026328988046
110_Narrow,1060000000.0,0.5476635168301393,0.24790648972493518,-28.261313822149678,106.99012077301116,0.7544187374993736,0.3570417461829943,-23.837282886581722,94.91190510939322
110_Narrow,1070000000.0,0.8189815840446291,0.2933363534432147,-2.42389284266063,77.52401556298553,0.6650006061387942,0.379709337170688,10.28629889412996,84.99612449303761
110_Narrow,1080000000.0,0.7071530074467578,0.2524023894172226,-67.23394370634949,95.50857940021638,0.6096877045894978,0.2168431807784666,52.15052619468451,96.74047421638832
110_Narrow,1090000000.0,0.8838641997347727,0.2644168619198718,14.610115355484377,94.31440637101097,0.7515464511807276,0.2505380696951451,-6.459193360876783,99.0347500603189
110_Narrow,1100000000.0,0.7953433619391082,0.4188167245500556,-14.37458331985792,91.05579370441572,0.7473664639708585,0.36182332734977907,-16.044497126538257,98.81771643258399
110_Narrow,1110000000.0,0.9205725629175706,0.3153874492174655,-13.297836361200975,105.46997492477604,0.8455890954036372,0.22806283952110087,-15.453072175691942,125.16372945435796
110_Narrow,1120000000.0,0.832082202169203,0.25532618868940593,-11.540335245476108,105.09707509694131,0.7502626142352816,0.3713499590393658,6.870281592215747,81.40335764970365
110_Narrow,1130000000.0,0.5046987872649773,0.22666021941568928,29.626697370856622,104.74862653502167,0.829014158316091,0.21672146494881794,-47.84403315113827,87.4023024998833
110_Narrow,1140000000.0,0.886324861533361,0.30415344209434153,90.43758450776409,76.91707684559063,0.9226473212664548,0.22584144186392263,9.384344972407211,114.27408583619983
110_Narrow,1150000000.0,0.724364392043053,0.31921784098362943,27.039065405390694,128.78011409336975,0.7067263381282339,0.19789688334063082,-12.6846380551261,125.5871742800864
110_Narrow,1160000000.0,0.7131195285229491,0.2940842650869926,44.93436267316797,73.6616425861549,0.6599498321957573,0.30152612892189773,25.82315296233049,92.34212720623749
110_Narrow,1170000000.0,0.776854674027913,0.2982549315389896,16.63345763173386,111.73718180522009,0.752751475866151,0.2885210369445751,24.60403636501203,103.83254805717387
110_Narrow,1180000000.0,0.8115974102630765,0.3284566512297261,37.03347805109451,108.04135024653662,0.7371729414196951,0.33881722623574456,-7.234010081650076,106.65427710867412
110_Narrow,1190000000.0,0.7493689893843349,0.28776708087983477,31.91844992278239,112.51793158104729,0.6741651025909898,0.3827966437978137,-20.463516218318123,113.190322559846
110_Narrow,1200000000.0,0.8622157984036631,0.3049309076157663,17.743334910294852,99.55827218627408,0.770448900614755,0.27387212196738436,-39.16281860945011,71.9089844556452
110_Narrow,1210000000.0,0.7976838216872885,0.26614800395545934,39.025385259101306,118.63500897665715,0.9197965327214437,0.28899341942140544,-27.127977473118595,82.95562045217035
110_Narrow,1220000000.0,0.8340329470921577,0.2988905305728638,-9.020685249221895,89.03321566423806,0.8010319873258738,0.22102900762186428,60.65454880580175,97.39766060168787
110_Narrow,1230000000.0,0.8199873784266509,0.32373833838583077,-9.920001744975753,99.3118509111526,0.7756529045521284,0.2872444420601842,-12.867330850370474,91.0294131546302
110_Narrow,1240000000.0,0.7335468704606158,0.31039521655113494,26.180695908466195,103.9123740458179,0.7354883837205988,0.27393169410402873,5.235361213479158,83.8385136921343
110_Narrow,1250000000.0,0.7856394317323905,0.2795130122583388,-36.53967471216493,110.56214196294503,0.7113376358410762,0.31204225069371,-11.245054417500036,91.66606513895405
110_Narrow,1260000000.0,0.6335162842678732,0.3155675296815073,-13.803806082261277,121.53429050375803,0.6904128510019447,0.2304996259315015,4.691822782335432,90.0922377100951
110_Narrow,1270000000.0,0.8059799805543137,0.2720412467147946,50.8068647337014,65.82574641923614,0.7617512319839642,0.19616085284117193,7.614667860404413,77.68751166162605
110_Narrow,1280000000.0,0.7563746609921942,0.3272948848953157,19.033430973546697,110.4506166781404,0.742868168662946,0.28367208286985035,36.834346365495534,67.54333989069372
110_Narrow,1290000000.0,0.8589337054674824,0.30394498448536833,8.464215266391982,116.99256436187896,0.850899352240337,0.24727909562434675,-7.1380072365487095,92.85964012830117
110_Narrow,1300000000.0,0.9211474668482901,0.22103625457248252,-22.23611111212479,69.54003975999524,0.7599250817205842,0.3712369769784256,-1.839881243098847,112.71187089482464
110_Narrow,1310000000.0,0.8758415660093144,0.23100694460594595,-1.4154475210544668,125.39118603785897,0.6732245893551329,0.3583447376299208,47.25201342673924,80.09908551660303
110_Narrow,1320000000.0,0.8450192622216045,0.24542340918645922,-14.841645549651497,115.62846745314492,0.9644530899405873,0.31549932725170854,11.481542432078573,109.740901161204
110_Narrow,1330000000.0,0.638921302432896,0.2641645225008199,35.71054648627642,112.53772040585466,0.7216488610072022,0.17952585416640338,0.19144519096822546,90.70562655162895
110_Narrow,1340000000.0,0.7438989308081033,0.3882099589737366,-11.65864469888691,85.88980724321529,0.8778956604561258,0.30072836082382826,7.43371748876636,120.17791972528349
110_Narrow,1350000000.0,0.7386667540978009,0.30520099275740453,-94.9409370596337,100.50116772727178,0.6867272104030372,0.26281772958372007,23.77085081321728,121.00063503914717
110_Narrow,1360000000.0,0.9359495080609627,0.2800528084647325,59.81408663067709,107.47224735899962,0.925562261727787,0.26268802977752964,27.91842779087046,111.32366705206267
110_Narrow,1370000000.0,0.6943750727135828,0.346872431593359,-1.7608881070993179,116.53706825517764,0.7170497790016636,0.23313357750424013,-8.040027401001481,125.58257141211025
110_Narrow,1380000000.0,0.8831033518301159,0.28409951570367226,-62.08254086908632,98.62147013389732,0.7191114087237384,0.27932338579124166,44.981143887564016,76.39918402311267
110_Narrow,1390000000.0,0.7285200366059559,0.27189617135823196,65.99773916650813,113.5053562499023,0.8089847734152685,0.3519863075254159,63.17700226680332,97.46193339822817
110_Narrow,1400000000.0,0.7637638775851842,0.21667569399252484,19.67401294490621,89.50244412801015,0.8740814759868945,0.2659914784051547,-31.294974816499053,66.68695581290804
110_Narrow,1410000000.0,0.6806918328883057,0.34056914108819397,-58.20863566078989,92.93205649128502,0.8717346385637124,0.19773903505246757,-2.631767067810989,106.34161439935386
110_Narrow,1420000000.0,0.677556934368311,0.2596982701180198,59.25424202436257,80.71890299633665,0.8867272243443746,0.23909996566813252,28.90340956013432,101.29030700971263
110_Narrow,1430000000.0,0.7294008859447445,0.2600648495388015,-17.749284533285326,106.30171576132508,0.6712682249640398,0.25247696314336054,26.68816330138702,124.61596752257753
110_Narrow,1440000000.0,0.8381464134937667,0.15525317148566947,-31.002988095266332,76.2627092815229,0.696766709868965,0.2879585826736583,18.179809596256362,106.35771950804612
110_Narrow,1450000000.0,0.7081231582321581,0.2572135996950546,-13.764207082823487,113.1465847770865,0.7068864242007858,0.3437625984401176,-16.74463516995104,80.37183466453763
110_Narrow,1460000000.0,0.8349356583460144,0.24446513108550433,-26.682841495496035,101.98043103240187,0.827908291180928,0.1887520270668786,-67.35416565279267,102.02996319046561
110_Narrow,1470000000.0,0.7443173527827162,0.3104367680013576,77.83678110915173,100.2693592108591,0.6215279975415287,0.27883848937538785,-12.525290096940601,106.34927638824833
110_Narrow,1480000000.0,0.6975398368842297,0.29937208404107113,-13.06852688083401,124.25309424240372,0.897361991169319,0.2696677842418827,51.031038346890256,75.40666734688654
110_Narrow,1490000000.0,0.6681903513746552,0.40948314733320634,54.048837062488225,106.42957112422027,0.8064333332784797,0.23683741633496055,15.210949456207016,110.9313097913666
110_Narrow,1500000000.0,0.799107965539719,0.26974542262521717,8.053302791552476,84.9721581437045,0.7921602784134346,0.30045770130151506,-24.986860044222322,118.37179156910442
110_Narrow,1510000000.0,0.59265799900055,0.4199996128494622,-27.42646619376002,110.43012673411334,0.6724973257438522,0.20254103528826753,17.595071878595718,113.37763764974197
110_Narrow,1520000000.0,0.8592796969250874,0.3379694860055797,-14.19390033150596,98.86597985771732,0.8104004190847436,0.2986711368024733,-70.81330664351383,72.77985852988833
110_Narrow,1530000000.0,0.7699694589934695,0.3137877564123619,9.006849018071415,129.95634459087654,0.8760830453491729,0.2915050140886781,27.2172535080727,81.21366518448069
110_Narrow,1540000000.0,0.8069977371907969,0.3357242034241856,-15.328607692697553,95.69219951360158,0.5829398686910707,0.2819768358941756,52.84962383375299,109.42806592062098
110_Narrow,1550000000.0,0.6617307313257472,0.3145482509020862,51.301373436565605,103.7638083188916,0.7615809921222143,0.24456653778093582,47.99758026432709,107.82685792165813
110_Narrow,1560000000.0,0.7615517539142885,0.3397781285794846,-21.099016471157967,116.18278700950322,0.882629987323527,0.198469114054318,8.11365616336846,98.20647569097463
110_Narrow,1570000000.0,0.7993554044052147,0.2272693500647873,-20.817482140386293,100.93957175451965,0.7177438672820304,0.31157559001774887,-17.419882317627593,101.03049409426757
110_Narrow,1580000000.0,0.7877581112048051,0.3759376590495557,-10.653929401206607,76.32307321839811,0.7360151179592319,0.30543212854086743,40.71020224345886,90.47997452968119
110_Narrow,1590000000.0,0.7178662463118657,0.23904892185096585,4.820645326502073,98.09610501949138,0.8865713728672777,0.14513344921990767,26.50635302841954,119.19928063623267
110_Narrow,1600000000.0,0.9817967501600318,0.20476207673204605,21.248866089232646,116.6965618846972,0.6917122666618124,0.3085504516204024,-8.65980326946304,78.65003176554843
110_Narrow,1610000000.0,0.6868593641632041,0.2636138543221087,16.562132932542383,83.22285985543333,0.809806261218906,0.25499393075571036,33.266207419533806,121.7527212787444
110_Narrow,1620000000.0,0.7896645800616504,0.3167059056205649,-24.75798387883274,94.84746353602813,0.7097299226257043,0.27298778457845746,6.628111911966608,95.15572640779014
110_Narrow,1630000000.0,0.7916311067664498,0.2957181982918272,10.153743841900146,120.49898031862863,0.7052433304222578,0.2156358100095326,69.29375178751621,108.9496004033108
110_Narrow,1640000000.0,0.9154846971379385,0.21612091925846372,-25.960039664947118,116.5004872776647,0.7984967570192308,0.2577129667416764,-35.92102557944075,68.59636913734084
110_Narrow,1650000000.0,0.7574808351701534,0.32247691023196545,-12.660639778510518,104.05382954408554,0.911951955888019,0.35026844597540185,30.310177664744863,78.29192849477289
110_Narrow,1660000000.0,0.9058208314167496,0.3133462311440005,21.88212224359736,118.25502860346683,0.7859599131813908,0.20274260499195548,-42.601620296928125,117.8336160153946
110_Narrow,1670000000.0,0.6703431411516225,0.34954720927932065,-69.71671285366394,71.03754254813082,0.5698720926927386,0.36662103373340804,82.74012467862286,86.90732883449293
110_Narrow,1680000000.0,0.8462585280140923,0.1360213518519392,33.44057553659776,111.80231357041716,0.7528508656081477,0.31839873365412025,11.9647692609454,134.37704550924454
110_Narrow,1690000000.0,0.8354653445695864,0.18845603285957965,49.17282657321881,100.06685902505035,0.8699622455060106,0.2431021296832419,33.19046009228346,101.4574465516598
110_Narrow,1700000000.0,0.7563544818020856,0.3332563915095396,3.1903955972972504,108.88322136182289,0.8976291843725266,0.19797462037317445,-24.102361508833937,99.35238968928914
110_Narrow,1710000000.0,0.7146890170196125,0.2799318096494157,6.8322434178411635,100.2770483867663,0.829146806580793,0.1884427131859147,-9.85912673209548,110.84992265642337
110_Narrow,1720000000.0,0.9535005781133219,0.25634513670148384,58.920075177008115,96.27240511055159,0.8101566856656964,0.30824870213396044,21.827556107715488,127.59864779686903
110_Narrow,1730000000.0,0.7329129691797811,0.32549812093101704,56.08870363982487,57.25208654522665,0.7322791744873378,0.3989062695298286,10.565762078958617,84.66254050170294
110_Narrow,1740000000.0,0.7992267168611364,0.2428314988382563,29.334839634334756,115.59299425700434,0.7281284295251759,0.32032687602903076,-7.940342778238316,118.22151516851996
110_Narrow,1750000000.0,0.7686872669245176,0.33634320643416366,2.7336848683058226,85.88319476318571,0.7033891704755055,0.25849389824002306,19.50065202480553,89.43543116396688
110_Narrow,1760000000.0,0.7154434501323008,0.32141536148558564,-7.814328724582979,74.37651827249367,0.7127504918381263,0.28293887426519787,-15.907166410055263,113.59616855138363
110_Narrow,1770000000.0,0.7495025281504495,0.2946271808748513,23.994887964388834,111.00369666143393,0.7415634341902111,0.32211819252983437,-3.045687381929297,103.40031268738423
110_Narrow,1780000000.0,0.8444586098830072,0.3755980550449729,-38.087067402541074,114.63133506223726,0.7426105763506226,0.24021631343226077,5.342902934370757,100.85303064148442
110_Narrow,1790000000.0,0.7772691063015148,0.28140016285896563,22.01911168226442,90.19175748592619,0.807719097526844,0.24190639432132977,11.121118668876917,104.92971703145936
110_Narrow,1800000000.0,0.6873759999131261,0.30440699409531724,-3.491380921030776,136.40343165906305,0.9241858778356455,0.2549214335477457,-2.361391854693632,109.18280220819877
110_Narrow,1810000000.0,0.7660168616435036,0.24626272594703238,-6.0443143762285,117.15998228448014,0.7392287933320119,0.21075466471110305,-46.46592478054811,125.69022866740653
110_Narrow,1820000000.0,0.7340260609768257,0.3205260629997845,-54.252274854156504,78.19185967572488,0.9557136460035448,0.28728744008395796,19.568520867661917,133.14467720556496
110_Narrow,1830000000.0,0.7160875961539083,0.22326778692100843,18.403259624750692,94.4377514222231,0.7461867948889012,0.24214137090747712,83.88656656707202,98.16391940620282
110_Narrow,1840000000.0,0.8304158748523663,0.30228196828720905,-21.779642058557563,101.96226283775992,0.775639531829349,0.21644641815832705,38.068803545544796,103.16704670632201
110_Narrow,1850000000.0,0.721259631698024,0.3164406417123157,-17.94779679666383,114.44488689635402,0.8469968037289098,0.341200291782213,-54.782117839401494,118.53077569296603
110_Narrow,1860000000.0,0.8062882494857099,0.21976594710210504,-11.657873285206076,126.36439916351235,0.7796527473453204,0.22361725873609414,28.52647712298281,86.0344312460503
110_Narrow,1870000000.0,0.8169505065762366,0.23786704557128793,-20.0711540286647,124.56171790702214,0.4876561427887351,0.27194263099483007,3.7110785701288824,71.85091377758565
110_Narrow,1880000000.0,0.7255951618391945,0.40999055519690136,7.2685563477769985,86.72500560510872,0.8310019863012464,0.2888236220811978,59.07896756256768,119.89030387382991
110_Narrow,1890000000.0,0.7893296990222205,0.2686107310502605,36.85284138357432,112.96090759226367,0.6379832297592424,0.16018664406825758,-32.67824733735301,107.64909577020109
110_Narrow,1900000000.0,0.7004335881677174,0.20062839818126307,-28.355141993395637,108.89898703126399,0.6552950791619445,0.21627882621368147,-38.19757722638329,80.77886356662223
110_Narrow,1910000000.0,0.7921378661868069,0.26844408392445335,-24.601230352923242,97.69066104788655,0.6882953992399264,0.2866065123792113,15.704378514155458,117.23886896790737
110_Narrow,1920000000.0,0.6986817851056328,0.3726423303601944,-74.08895447832244,73.86623746883218,0.6468715801252614,0.3417477672269156,26.102300099911616,90.01867433986038
110_Narrow,1930000000.0,0.8358904882640231,0.16831757841045197,-17.011843047648064,79.25198307467788,0.732425737412348,0.37904073110950837,-59.20747450168492,94.7072103823821
110_Narrow,1940000000.0,0.853136383727576,0.15659889563797005,25.30048489981344,99.77936499683165,0.776706420957054,0.260257107308757,-31.22986625882391,99.57257985103324
110_Narrow,1950000000.0,0.6918521600705709,0.44057238080165584,20.99844246993891,118.76554637492383,0.8601255599858149,0.22831377268715522,-2.7341741053395467,88.11378884036623
110_Narrow,1960000000.0,0.8954419224120865,0.17919976152049732,-24.48317461917781,100.35753673509123,0.7667990067632376,0.2795729688887378,-10.138944588839063,135.95923257879107
110_Narrow,1970000000.0,0.5448417663084061,0.309078574694144,-44.50795714164781,121.8949448713015,0.9005617290370853,0.2821336158706536,31.42924668971896,107.30164791738812
110_Narrow,1980000000.0,0.8649292605045893,0.2840723562173891,-0.7533920157194647,131.99021126766516,0.8245054433279129,0.2555202641561904,-54.8203281991511,108.05890222263855
110_Narrow,1990000000.0,0.8999784179472609,0.27316505254093315,-34.99657545119379,118.86254815441511,0.7970715893046314,0.20381653828059706,28.65885997797048,124.91689829676704
110_Narrow,2000000000.0,0.7784591714572215,0.42916272906035147,10.128691662351038,113.12433630696859,0.8683875757962936,0.28636961357325114,28.612387506493626,93.72161555585336
210_Wide,1000000000.0,0.823512227699972,0.2183438165419431,-0.7050527857376976,99.87859720146537,0.8231967643135077,0.24728839343853273,5.336630324164507,97.19048237820634
210_Wide,1010000000.0,0.8110064510017625,0.231600393132924,-15.440592150457528,117.24262372810006,0.8936829360154778,0.19060609324552963,11.384540928333745,109.63525873011527
210_Wide,1020000000.0,0.8138024373781029,0.23894406662144133,22.44339390646849,102.4003311816092,0.6319627229161762,0.3311051634590979,13.39485534053706,131.02675210766728
210_Wide,1030000000.0,0.7449069592022446,0.28221057298903623,-16.780755519328594,114.28375270711054,0.7794130511082572,0.2846608263203591,11.513614733166776,134.38228030996794
210_Wide,1040000000.0,0.7917930021260658,0.34664363904312384,40.20049416547176,116.99475805320192,0.8537039118542447,0.302638724516425,-26.034455605683764,95.35109544776194
210_Wide,1050000000.0,0.810109161419973,0.2738311727550915,-52.81174456095367,84.195565309608,0.7130137232862727,0.23240061347899102,23.732997996933417,114.82712855385066
210_Wide,1060000000.0,0.7345970596648441,0.2895232208108434,-35.133346680108666,115.31882875128379,0.7266749925199415,0.2579727396060484,21.521394233605967,49.76540321480044
210_Wide,1070000000.0,0.7067155794705168,0.38474097416789804,28.416657307812383,114.43166797703144,0.8518236770436896,0.14819298660257418,13.041154775800369,115.75158699987884
210_Wide,1080000000.0,1.042541713287781,0.19483932031858456,19.392806848806366,79.8327295796503,0.6999223702942371,0.28140200049247066,-29.727473179260254,72.66290732693548
210_Wide,1090000000.0,0.8342755103035903,0.21834451452419645,-6.022299734060988,80.21605165283272,0.8528354168633709,0.19832324119377825,26.553179178562324,112.24718337955711
210_Wide,1100000000.0,0.8305133677587648,0.3502768300195454,28.929799935160293,116.09645165221515,0.8336627339092861,0.26607835348945635,36.696841497581666,98.36514071652368
210_Wide,1110000000.0,0.7881854536090852,0.31110090084164654,33.994235572932155,113.15493089235483,0.7575803079412456,0.19515648603052016,-17.400615819582512,85.65420044828603
210_Wide,1120000000.0,0.6059749352263986,0.26195673325130675,-26.875513280316216,123.3932688195622,0.5741373148000536,0.28803602180464094,14.764485603117022,110.35720509812833
210_Wide,1130000000.0,0.8516654074131467,0.2538797987294547,-29.84085125327965,117.16057861328132,0.9357592454136612,0.17711292508957865,7.629386623775823,136.29376312479744
210_Wide,1140000000.0,0.7737733614298345,0.23524436049937422,-42.38423193228357,113.26228092736498,0.8434522086398539,0.33015373727700553,-60.867155733717894,86.36869373929682
210_Wide,1150000000.0,0.8118340846154551,0.2602319515363357,-31.899964616658018,103.86588253892202,0.7817550442810339,0.30577233953204125,-1.773030300834008,101.13221163749215
210_Wide,1160000000.0,0.6491371621147661,0.4119192080632054,45.23580666818354,117.48572396101919,0.879891010657182,0.18936908308195272,11.046776275590695,77.84433877775028
210_Wide,1170000000.0,0.8973923317318251,0.27454074929263395,44.209219077333586,74.5880300146973,0.6673544536060727,0.23667136439940897,-58.99253242756528,110.57231294937411
210_Wide,1180000000.0,0.6771411678007576,0.26852492793107163,3.5466686715196576,90.9264986008121,0.7339441215672716,0.26739602404736557,3.6602616219535,115.22538424538523
210_Wide,1190000000.0,0.8689583702115398,0.255892006737047,10.637495279945927,124.22558540114342,0.8683039762011611,0.19095289729931586,-66.51662988667451,74.01631864403161
210_Wide,1200000000.0,0.6271446091201317,0.3108165130412567,-32.297580525753546,113.09022959274338,0.5551762330011939,0.21607119368076738,25.047311918574728,129.06922391003937
210_Wide,1210000000.0,0.8629635522220578,0.20049442634572703,36.821057140585744,89.34178414820371,0.8505059283663591,0.2761091943305037,26.803255878980078,92.59404684137878
210_Wide,1220000000.0,0.6895550793027904,0.36706028016909026,-14.774944021159417,118.65769347418282,0.6895119873887254,0.3472108956923015,26.02114008412824,120.18237346728677
210_Wide,1230000000.0,0.7926391519740733,0.3880415368446258,-51.24960271468173,61.4004380213569,0.6998866712205619,0.20540817117956792,28.00323047799657,107.13139233407537
210_Wide,1240000000.0,0.7761602292072523,0.24057179550529356,-3.1191931198048883,132.549404377644,0.7408090224828927,0.27863917584167275,87.93676327372106,52.72084279031006
210_Wide,1250000000.0,0.8576679778054243,0.23987663814413504,-34.44530439920069,90.15827119215416,0.818223636063903,0.13480867944833763,13.248959504529553,108.7184698657228
210_Wide,1260000000.0,0.5769140340542181,0.17975734842193342,35.66019973322831,94.16141047268503,0.8288083865990384,0.34385283173651615,-6.2578044169051985,83.33892872501461
210_Wide,1270000000.0,0.7683141965260283,0.31589149699732094,-4.8336144227529765,101.58327933003154,0.9516126392822284,0.2586987748580523,29.023699362141596,130.54581622340385
210_Wide,1280000000.0,0.8694421624014879,0.16427257093767314,-6.866076586504451,136.78932624904445,0.7127345710480816,0.25530708679684794,-29.197817636045087,51.728764379459534
210_Wide,1290000000.0,0.8745091062739465,0.21892339429010432,11.874000869920229,102.71710472646035,0.649846305162608,0.3125236566024533,-30.83143526768722,99.14274367853201
210_Wide,1300000000.0,0.6197958277442704,0.23342017472932552,2.4328504827812347,96.57518678984752,0.7480354341433901,0.3301734917327011,-20.88002885542836,112.94901911208882
210_Wide,1310000000.0,0.7896379049715053,0.28517142877384266,-21.868752197564444,93.27554008080719,0.7822520590123114,0.23704610707334348,-50.92581811573086,99.69695896599815
210_Wide,1320000000.0,0.54800266598242,0.30166599825227786,-46.100557982451065,97.77711783576528,0.8366693343934731,0.2533038861656046,42.96492728292249,97.81137276462982
210_Wide,1330000000.0,0.7459174126836879,0.2775708505461839,31.945568143303653,125.81347758755152,0.6928860678721113,0.36125586542953,18.917673655026128,112.18424650677885
210_Wide,1340000000.0,0.8407433688758265,0.28976396138912985,36.79606384155494,100.14966683617416,0.7420582710994656,0.21597653037705206,-37.294083888037534,103.52242587908458
210_Wide,1350000000.0,0.796079579630613,0.35858380383847516,-16.27948406946213,104.2858060743024,0.7094904433785463,0.29746707752764495,16.214108708208368,66.70888975513992
210_Wide,1360000000.0,0.7324656268881004,0.2712697455897684,-5.972744993056796,116.90435799365162,0.6256501250705998,0.24525354238503427,1.6259094409696229,100.96154485947771
210_Wide,1370000000.0,0.7465514107276713,0.29778740961711975,1.0323218779824122,98.32869727197703,0.7925013921262251,0.2627641925726276,-8.12084894757291,107.98039989324637
210_Wide,1380000000.0,0.9104097966240401,0.22954131174201317,5.345050100286538,68.38650238986277,0.7627824179821868,0.23693729058982374,35.05072290188118,117.63837798005787
210_Wide,1390000000.0,0.8502345672405742,0.21520989966094867,-19.82399212785538,97.29980525284752,0.678984907748503,0.2566578130671359,32.20631814609878,93.55620969870661
210_Wide,1400000000.0,0.7822921939802591,0.1384315976152652,-24.791487877719785,110.57481119619395,0.7828644807603165,0.2775288160566415,27.541910183604752,81.95469546369766
210_Wide,1410000000.0,0.8402590502700251,0.32835663721534614,7.359523368565015,85.68077327225295,0.9422403125600239,0.13887172906503206,38.86013757549186,118.10455010658072
210_Wide,1420000000.0,0.7582889505190832,0.30852604827847563,-72.65808725411235,107.46118398925367,0.9024155781828107,0.24635835595824004,-33.420836120110536,100.67527251875882
210_Wide,1430000000.0,0.6812926029816432,0.34923157716078584,-1.1204065040245044,108.45423337383124,0.6856356231622679,0.38257776295541757,5.748014582834805,116.31880768143373
210_Wide,1440000000.0,0.7926780834437138,0.32853000373627883,38.25726061523039,110.93333860926745,0.7635823628084344,0.2307570671935048,5.233244557298117,108.13481063936034
210_Wide,1450000000.0,0.808146592061977,0.3007596067022997,-36.17680426188148,89.018084151316,0.6263488890230096,0.29555354563193303,-16.413310659570396,127.879932455657
210_Wide,1460000000.0,0.6330129483041385,0.30502428336827614,-13.311932166273932,67.21907002810634,0.7215674279702796,0.2687416931045456,-23.85077739233823,90.31147847953903
210_Wide,1470000000.0,0.5048200047796578,0.3231059408607164,-21.888469696884034,67.03780125304722,0.7020442178932063,0.27042321806485686,24.5879767199936,108.93493353812853
210_Wide,1480000000.0,0.7104570027459778,0.33544503453408336,-54.799345759301744,54.925842984383785,0.9533674199557399,0.28158630504800714,16.560096890960242,75.78516220012567
210_Wide,1490000000.0,0.8881771882371905,0.21838318340254426,39.837007182979335,108.96470049113998,0.7093458002909668,0.304312810429503,53.94236225446948,59.729398485690716
210_Wide,1500000000.0,0.9027577583592026,0.13917085539782773,33.20676001619665,99.97734659900507,0.7677694721605807,0.27104227890808297,-62.88094572706706,96.0306878449976
210_Wide,1510000000.0,0.6739383100249913,0.3383952567461896,-45.77750809937483,98.85248760707454,0.6297212642612415,0.3602484146617453,38.48601304614419,102.54993163090776
210_Wide,1520000000.0,0.7447677619923948,0.2167659875492454,17.439451916073647,135.1046089064857,0.7875189857558194,0.274619917039343,13.390837927576696,121.86958250436507
210_Wide,1530000000.0,0.5273530560438614,0.2874161558375132,-37.55070182051229,103.0532730413805,0.7285492161589302,0.2582200965651184,-28.22107144405504,95.41836548168844
210_Wide,1540000000.0,0.6820762730668534,0.3114832922446218,-14.144868494917848,132.09424251282118,0.795784803001822,0.2416880268857184,17.649528634530526,100.97268182834685
210_Wide,1550000000.0,0.7018352814631553,0.2337911590870638,-12.563120626873431,112.24331831921194,0.7262957754255306,0.30373352945944015,36.4219145070648,106.5202603636924
210_Wide,1560000000.0,0.8491689111317382,0.3114055824026488,8.202238484534337,118.14697968769097,0.7965558423771989,0.23819328212197804,-7.651493550695042,100.89731816051022
210_Wide,1570000000.0,0.6169146777672837,0.22474656644103488,-3.2871257518143504,113.20845561694746,0.860134675306671,0.2732506560655155,-42.59745284535383,103.20398681829496
210_Wide,1580000000.0,0.8973108187718492,0.21394549175867084,-31.50781075903748,104.59430839934595,0.7611066413177245,0.28453053551324964,45.6659801553198,104.73345382698166
210_Wide,1590000000.0,0.8426573842883088,0.3583129565289817,-11.428835953628903,116.22791117123433,0.860740158232559,0.23665500778424173,24.10042677541928,120.87524950966153
210_Wide,1600000000.0,0.9261087285794604,0.24568000741702467,-1.0258781026776556,104.95746929869988,0.823680466701435,0.32797686229732015,18.934817836099796,112.32405816245206
210_Wide,1610000000.0,0.9361479210758424,0.26096425212222474,9.367688066412855,127.07229938413558,0.7978875023881471,0.2950342700167031,-34.23058016426453,90.30377888200285
210_Wide,1620000000.0,0.7981003523753456,0.2356709705556925,-48.05936873234565,116.61628393148779,0.766488088178579,0.28803845777906273,-39.508342296969694,117.27147794899285
210_Wide,1630000000.0,0.8055627237246525,0.3273188456175123,46.61987990602272,91.75627656739896,0.8241305942771282,0.31417805188077846,-11.279307188151572,124.13354575655659
210_Wide,1640000000.0,0.7261793768602858,0.28771815831357545,-59.874071816574535,69.99021084721365,0.6094589559152562,0.3256635190867754,-34.42556721400158,103.77060970670932
210_Wide,1650000000.0,0.7143695115179425,0.3393573626468227,35.745683351382624,77.04609844814576,0.7317032492607844,0.36136487286653063,-13.63257921104984,119.5897242016794
210_Wide,1660000000.0,0.7003626436761642,0.23771728973516454,-14.791147627721456,92.5335218184772,0.8147467515944823,0.27477574560593226,5.388628153816005,111.05199032078389
210_Wide,1670000000.0,0.5836810208866127,0.28808147702441317,59.1602123399937,68.95291339876778,0.7235558402437678,0.36488312537981904,34.51633787549283,96.68285297522526
210_Wide,1680000000.0,0.601744237096581,0.31855252576156834,11.500795565459907,103.62705859003592,0.6742892272021133,0.33838327751659586,-32.510726710051614,118.79407676828447
210_Wide,1690000000.0,0.7948841823913587,0.2955280396381618,33.10385307316412,100.89668541305628,0.7703939491660261,0.23440861344466782,40.30606780740822,121.45798728199826
210_Wide,1700000000.0,0.8298323248949031,0.1668673168624,67.22188841387114,73.37956760586283,0.8860118019755934,0.19205074249709253,-30.36931358196802,96.52777132112243
210_Wide,1710000000.0,0.7404791618539655,0.2706943565174629,-12.097925208871606,122.7891169302107,0.7586907793686095,0.3317522285169259,-16.91244915076139,116.87157942118687
210_Wide,1720000000.0,0.7509184332817415,0.35393945588827835,-30.523968242074204,92.07284181483814,0.6951888032681857,0.4041379449456387,-28.847956883640826,98.42384271283089
210_Wide,1730000000.0,0.7855749075344653,0.2807333826056568,-22.310706438721404,117.91251509139136,0.8451902930199887,0.2702302057443594,2.3929509739986172,101.73697135901156
210_Wide,1740000000.0,0.7882873409615258,0.2901894796549193,30.261769028573298,88.63890347915425,0.6626235500502973,0.36452215050085474,39.744281383330566,65.41101277843637
210_Wide,1750000000.0,0.8466306014703826,0.27999135851036366,-4.693262674302938,88.3679736092725,0.7653638303489986,0.20326225194154732,-17.555943380668637,95.72777766373972
210_Wide,1760000000.0,0.5938525008040914,0.26110371134849325,-33.31856052851408,103.1797277452577,0.6772564282226775,0.3188919969858372,-16.828765928443566,95.37517478595181
210_Wide,1770000000.0,0.9020014382042132,0.25721666175089275,-10.281844084221431,110.1615953625813,0.7997033415042665,0.27901074803131787,18.600197467990217,104.16422928898182
210_Wide,1780000000.0,0.7442165498443353,0.2730292058003425,-47.41105930668826,102.96843028074666,0.6999570710501757,0.27057409170615687,-45.143903958881516,73.58048240473788
210_Wide,1790000000.0,0.6329835772726122,0.33266365108159845,-16.023813165308916,119.3505531701816,0.6428041629747098,0.33682541979780894,45.92640760989333,107.12601815412624
210_Wide,1800000000.0,0.6660966855832782,0.29523079939058944,25.097376763490388,87.49317038015303,0.7525453033098256,0.2595355369649341,58.10725538924132,104.88359627082002
210_Wide,1810000000.0,0.7108431605535105,0.27410041007405117,-0.3658402117897392,116.09839935237987,0.7851405873412028,0.22659737931566518,-5.508795840656834,85.96955667000331
210_Wide,1820000000.0,0.6767691599812405,0.3355077037763866,-64.76281593376704,76.99849178069869,0.762748821878084,0.3016319011977631,6.4841984949145886,114.6492817191805
210_Wide,1830000000.0,0.7375993590585226,0.31676245877393194,29.656648455355207,92.2351537223185,0.7789406250305007,0.2991080005543002,4.688523740898418,91.65479560728636
210_Wide,1840000000.0,0.9071699408634509,0.2524503271131103,43.69581787351403,109.66794690155675,0.8025450209559084,0.28836564039117174,-99.34842677093279,81.39682070695733
210_Wide,1850000000.0,0.6323624817499142,0.30996943567450413,65.82189740375445,115.61367045368344,0.782155906956862,0.2960019295102666,59.272235262613734,105.04587886007839
210_Wide,1860000000.0,0.7891253139342553,0.2797921599417481,5.116968399813354,120.36087388745165,0.7937737425822597,0.21307082792222218,-49.142620758370334,106.71788478825705
210_Wide,1870000000.0,0.7705704245723163,0.14624916422006468,-51.05769841033859,94.04969520225201,0.8119995246794987,0.22294750858083076,-12.769276401541987,83.62898609243334
210_Wide,1880000000.0,0.7414588096896053,0.2425037414054099,-28.603676411626537,114.82980586482272,0.6745533391153671,0.2844971821381668,22.669288711988933,97.52244665922669
210_Wide,1890000000.0,0.8534451165203698,0.15358060668159262,44.66459807609731,104.8441456092177,0.9100913535250054,0.1571846441204242,1.6214638560622525,135.60480276415373
210_Wide,1900000000.0,0.7830212494227176,0.25938499116297603,17.102695854821217,83.76961600840855,0.7495755718064739,0.2021656118534038,-34.99892696392662,87.15439080361186
210_Wide,1910000000.0,0.7195073723352118,0.28711526234143225,23.251825393098983,117.2171919230609,0.8510509469175308,0.23861781650089403,50.93791623305368,82.00473886193933
210_Wide,1920000000.0,0.6164595489920266,0.2427313051287987,29.557257088246676,93.77527971830182,0.7326825339518847,0.27666170343529145,-83.59284306654303,84.81217102322637
210_Wide,1930000000.0,0.7533928860424893,0.3403857772101799,13.992164371365567,111.47556139188721,0.8256542612374538,0.2926680160113903,-28.038304147459097,79.49801378360762
210_Wide,1940000000.0,0.6973154274730223,0.24985757275304396,-78.58294590154021,84.06894037262971,0.7952329567783909,0.2598731499187542,40.50306857156615,62.73410619157717
210_Wide,1950000000.0,0.8004162516929969,0.2072352856359503,64.9572198591022,107.15330149923518,0.6924949429382935,0.2132769924868254,61.73872649564361,79.21442843224376
210_Wide,1960000000.0,0.836771322383216,0.35974467182097364,58.371646017465075,101.8686807160272,0.57360772237085,0.19791140807151578,51.29742909334263,83.72793552600858
210_Wide,1970000000.0,0.9286741943582767,0.2572214503847192,-45.89292493884439,109.66270990126851,0.8431329570719963,0.270405757760442,-15.93497223682682,100.64806381518832
210_Wide,1980000000.0,0.7020667325200342,0.3097911877540381,-1.440331862858692,121.83196797549472,0.7477913363313134,0.20498841711796006,7.113145259008628,120.27855724127402
210_Wide,1990000000.0,0.8360160001868144,0.2725375168951671,-31.488802616975928,95.41841225135357,0.6721000328222733,0.31625902046586357,25.735833176606945,88.61767682746974
210_Wide,2000000000.0,0.7921153522254382,0.29475265930281347,-33.08016158950958,111.41368141818957,0.5639106832572272,0.3090508278726557,-21.97354611513971,117.17817500596703
210_Narrow,1000000000.0,0.5933706227631442,0.31040741626827434,31.309635588416135,109.97412841791424,0.7490379525387715,0.31487565940388157,3.1131061898531316,100.61589593142135
210_Narrow,1010000000.0,0.6630078801966923,0.28188743416735146,-32.707570513814844,79.35874117217482,0.853019130832683,0.27825406351214255,-21.618064856163695,100.60080705218695
210_Narrow,1020000000.0,0.9286802659296115,0.3098953929513655,-5.57390272828207,143.2703803790617,0.6611257157798138,0.351957236732881,28.598023099147454,110.34257201118375
210_Narrow,1030000000.0,0.7026230862401296,0.25861616752093747,-0.9483082797107822,117.76476697204615,0.846993843191678,0.21239447836771055,-56.55390318263657,119.98330110500653
210_Narrow,1040000000.0,0.8159425539112688,0.22883194845568644,11.515286667179518,84.35987632980653,0.6904465622925282,0.31807386786900216,44.47613900588875,98.19428233539962
210_Narrow,1050000000.0,0.7959900143989518,0.2584419046373648,24.54110855718791,116.93833540917267,0.9390641743344695,0.20821458537531856,-74.29179294570442,89.18809114765473
210_Narrow,1060000000.0,0.6850597241319917,0.27193565333722375,12.686833260315083,113.84745376878108,0.6566924158230439,0.21580744254699166,6.140926890468773,101.66616198239846
210_Narrow,1070000000.0,0.9563343001633192,0.19978665590561007,-2.390801125386634,105.27314361414709,0.816973579491304,0.2781170320107515,-6.581259872036017,110.88539620926959
210_Narrow,1080000000.0,0.7938661331218491,0.27818864960923484,6.806014921691105,124.21517845046651,0.7978548840108035,0.13147281881849235,17.963455787337114,88.97290928131845
210_Narrow,1090000000.0,0.5949779578898565,0.2786827030023569,-3.221187422287634,112.31757433129043,0.7911811250871904,0.3305976912199152,9.382276745851955,91.25825916972735
210_Narrow,1100000000.0,0.8049933486908103,0.3288831571808268,-71.23915084325546,85.23019600293827,0.6245842137095946,0.23624975696128048,-11.41767205201679,96.12177715414538
210_Narrow,1110000000.0,0.8340212876863192,0.20134185895627735,47.18690501451005,85.44920643647977,0.6455913855219618,0.277771299506557,-0.4559782293003007,93.03340704139256
210_Narrow,1120000000.0,0.6954552723760087,0.37783151733334835,14.507029989381573,109.65492478890805,0.7715414830917318,0.3699612201502834,-11.995978404054522,97.80757193622242
210_Narrow,1130000000.0,0.7807967759802985,0.1335108468242347,9.949122691201268,58.98225222757322,0.7638332932933776,0.2090768526108602,-60.76048264022816,87.12964036983374
210_Narrow,1140000000.0,0.6615561429312369,0.28888377621105626,-28.988436129387264,105.61481901583137,0.7726454412587723,0.35111239820187584,-36.001620061511005,104.20715549016721
210_Narrow,1150000000.0,0.7553200565039778,0.2519917839682992,26.80352177424705,119.15190233783822,0.7314481469040174,0.18197165965018183,12.715232820293295,85.82067534559471
210_Narrow,1160000000.0,0.8689457605801537,0.2790924599396808,-11.168786453358528,110.46243150363546,0.7372323149897859,0.2290088074711672,-23.247740556174907,95.16786877288422
210_Narrow,1170000000.0,0.8198217722501686,0.2914273258773411,-51.81786538141551,90.17410419495505,0.6739223280172324,0.334641111756259,0.5772849502794649,101.559244945101
210_Narrow,1180000000.0,0.7759145603650637,0.2254422571122983,-12.416219616252652,105.64688606947927,0.7744861545633326,0.306032739806681,-47.82130725072731,104.69321970477542
210_Narrow,1190000000.0,0.8486398709942925,0.28124085252985304,-50.06714562817052,99.34190833344198,0.6649936681949051,0.2697307758300612,-30.000103252106804,95.3196246731047
210_Narrow,1200000000.0,0.7942444744054146,0.2991748848268334,-50.9361857810896,101.35778845850015,0.7405022341125788,0.24403514060478002,-25.254078249716002,114.60290091275415
210_Narrow,1210000000.0,0.5786654723147586,0.0786449192645572,-46.07637792613156,102.4968131310573,0.8374220618337334,0.34899315647020396,22.97695051401025,72.30135408798063
210_Narrow,1220000000.0,0.6091857086610931,0.34480010875477196,-6.754699877626181,70.46341304367145,0.7526537949007762,0.24296445490106203,-19.751107186532103,101.12511896682962
210_Narrow,1230000000.0,0.8213959670413702,0.08532424604772271,86.23416102773253,79.93152534161716,0.6708734469698939,0.35962178019225494,-1.0573167569920883,121.89240095140785
210_Narrow,1240000000.0,0.8488367227350729,0.2543763032551374,-42.58723148410839,89.87108220664683,0.6920851054409463,0.26527021658064376,-23.189212090873514,97.49428903168919
210_Narrow,1250000000.0,0.7192053415716118,0.36014603556741576,-52.742644619819266,119.06540965007332,0.6770568463134468,0.3219017098332878,28.824352628587437,90.34022553918676
210_Narrow,1260000000.0,0.7657023367293607,0.28192419317242373,0.9805930045887721,121.81061958076441,0.7871414294613899,0.3096365887297427,-68.11437142792717,94.0841803922116
210_Narrow,1270000000.0,0.8709905755833293,0.25297989392758174,-22.056370523118517,108.86125371690302,0.6948908201824044,0.2770285293060302,28.29975269445154,90.48316149633143
210_Narrow,1280000000.0,0.7564665253131205,0.22390302482833394,24.201695949405202,125.00963361785199,0.6680394578342433,0.3016920322776022,-1.2825562449689227,128.64924557103146
210_Narrow,1290000000.0,0.8542489259441437,0.2231119408023063,23.090691455241796,116.70804298692788,0.7630392946304395,0.21910743078793007,16.8062127254253,79.51458106686567
210_Narrow,1300000000.0,0.7893687972557586,0.19105029926037254,-3.336407662620968,58.563106196455195,0.7937701866985722,0.3909169222381416,-40.93491787296388,115.95200692439485
210_Narrow,1310000000.0,0.8124235275355003,0.2539486459060521,-22.29705231809494,92.44638050453962,0.8524468387588056,0.2507599793133076,-13.361527021134659,93.38818325211979
210_Narrow,1320000000.0,0.6228175392922423,0.2948037196906342,-37.79513305125828,100.44506410224143,0.7521486087879401,0.29936439526038405,-13.660666218141658,99.4515033060223
210_Narrow,1330000000.0,0.7086249133364854,0.27178894033069373,-39.80128482424827,97.64285137425759,0.6911499753258405,0.3708601596341879,-40.74826721322298,113.33858545363051
210_Narrow,1340000000.0,0.8248269762368641,0.18928210080461896,-53.25414537235689,81.10357974707826,0.8232830071669285,0.28268627867145163,41.16815305626992,117.03583105711283
210_Narrow,1350000000.0,0.9222745810980986,0.16874185528380514,-4.803639122808691,69.03407322848145,0.8830202018683648,0.27500218324977577,6.0291127384439855,90.78566338190208
210_Narrow,1360000000.0,0.7938515735894547,0.25448719152550114,-55.36335271745659,113.58337103779162,0.6951213094083198,0.28852434781416186,62.32866025176257,98.57777395662012
210_Narrow,1370000000.0,0.7974892148751881,0.26541393275927866,-23.804402828340404,111.61168293384797,0.67430486316077,0.3430151913844705,8.114524413372392,85.44035057185755
210_Narrow,1380000000.0,0.7523947055428818,0.2915184460928373,-3.9573912947836583,120.76283683567645,0.8283884550843901,0.26458862160256846,-46.76741228598211,102.10056409689226
210_Narrow,1390000000.0,0.7725684022863409,0.16869005725026806,-34.97466192890568,88.34010996918317,0.6830988324962572,0.19139542217522715,-8.421728170642076,104.88534412548655
210_Narrow,1400000000.0,0.8665698557967515,0.35412168263199273,11.31914019401757,86.20712068731518,0.7194374896507862,0.2868284354272038,27.008488881770216,82.3114878360891
210_Narrow,1410000000.0,0.7705216834801628,0.26081529536292963,-18.222697341844025,85.11324443027573,0.6685002880531644,0.3209338634625635,37.464874138016924,120.17255772707699
210_Narrow,1420000000.0,0.7691734872329771,0.32000225734089394,-49.560555753635306,86.6573308293709,0.7307884645029223,0.3757450401994209,-8.518550424966953,106.39143115398535
210_Narrow,1430000000.0,0.781429939482618,0.30545691029732375,61.099755149426095,104.78541178636718,0.8115690072927031,0.2633116145364024,-41.362039418225656,120.80715723090444
210_Narrow,1440000000.0,0.7169134883537991,0.3627167127789288,31.428085919453302,104.36409547216236,0.5700954087388487,0.2505986248068355,46.086763725442694,77.20926198420298
210_Narrow,1450000000.0,0.7178792840429948,0.3852820884825534,18.21477021637772,107.18100243161841,0.804077169648833,0.26672466264737,-2.4829454278189953,105.85637609854253
210_Narrow,1460000000.0,0.6116485773485296,0.40974127159289886,-21.75235788327144,118.94817610973575,0.7635299048231778,0.30757208908663186,12.995417067150704,118.3503661580397
210_Narrow,1470000000.0,0.9719553527136454,0.24107514407037525,-2.140919928368094,85.60455818937562,0.7425690015731811,0.27786981623635504,49.217909678318094,63.864513105568726
210_Narrow,1480000000.0,0.903846759448758,0.3055441540927365,-24.288901289678492,113.78513693180354,0.827121487054872,0.21665969595532097,-52.19366218069113,92.2336442633382
210_Narrow,1490000000.0,0.7255720260667275,0.289711231953232,10.108841013460607,75.36483488165467,0.5873961645286585,0.3522478107114985,40.647760766741655,86.60678016590484
210_Narrow,1500000000.0,0.730961898618653,0.34065452606851754,-22.73203137597825,98.83884916859688,0.657286404542008,0.20641650335502792,-0.8779399109108773,112.96847708149315
210_Narrow,1510000000.0,0.6373143420793214,0.3083084754438997,-23.407878010641898,94.74588318651334,0.7786660822474658,0.34684229211386436,-39.61773795445517,99.32152478959289
210_Narrow,1520000000.0,0.7271032576323098,0.33085132070992995,13.939632356785696,96.2177157455315,0.8932085640589533,0.2613565631075805,80.77602588805449,88.14923105215637
210_Narrow,1530000000.0,0.7265531287107119,0.21599640768721518,-9.974683190505559,109.66132511597397,0.7503987684001306,0.3282119940874319,29.21246029886141,113.94194485228475
210_Narrow,1540000000.0,0.8393028265455279,0.11793029954495116,-4.660970406974434,101.12560219248736,0.7183346907204805,0.3291130350094796,-8.211635242072768,121.90239045915263
210_Narrow,1550000000.0,0.7341254288518861,0.36058590005260216,38.304026569323284,113.11131673933194,0.8599184684008434,0.303739981530229,-47.222127518471545,97.8604036696819
210_Narrow,1560000000.0,0.9148372634759606,0.3043622609550214,-11.632065508288202,110.02474586158253,0.6344980806518525,0.31237973013018966,1.1660519413685848,93.61653087843904
210_Narrow,1570000000.0,0.6974254902320517,0.28203669101299234,25.98102121716654,112.96928121435167,0.8637114034295507,0.25605694669595597,-5.481353370297205,110.55420937720233
210_Narrow,1580000000.0,0.7027161978491312,0.3480653440928448,54.11148463099439,110.94968246817388,0.781912787388435,0.3325062286109446,58.534272457445205,101.1457985828081
210_Narrow,1590000000.0,0.804265186158754,0.26006301333625725,11.722679855315551,105.05005756260553,0.7195313978219704,0.2124714601771933,6.725714747958218,81.31830688133813
210_Narrow,1600000000.0,0.6493495380180373,0.2861719903212999,-51.74418724131351,87.13056991285615,0.8769593467637528,0.25009140594604523,-8.043503495209377,103.33749164126193
210_Narrow,1610000000.0,0.7751831632145539,0.21898319671914018,27.640800398388244,99.58293647624967,0.7727495056432764,0.32833236846912106,-31.48975660569009,104.71481962252159
210_Narrow,1620000000.0,0.743475833594457,0.2353245035490393,-27.476327839220442,100.82834913066435,0.7882501807504935,0.27015862356133385,0.2774136782557868,108.69677699278934
210_Narrow,1630000000.0,0.7118313600018019,0.16031427552459038,-4.945654215884135,112.03833190529569,0.91724976959098,0.23374277780448385,-68.7806518722423,109.6342587531108
210_Narrow,1640000000.0,0.698331251192386,0.24271128744460307,26.505923503813317,105.25234787750239,0.561309591233926,0.29001759053439546,45.87703050746264,81.66729471017096
210_Narrow,1650000000.0,0.808341162987969,0.2337283329860051,6.808370551615995,97.67613843563615,0.7895492217114084,0.3405593788485827,-1.9273286961896503,113.76816938949146
210_Narrow,1660000000.0,0.7539082044609771,0.3150344009380726,28.269320120313857,132.37200268551467,0.8172999704515269,0.18250669932400937,13.996129212986858,75.43540680953643
210_Narrow,1670000000.0,0.7296058685054254,0.23754173039318904,61.69160103244256,83.18893762716012,0.8022758389771367,0.2824474916564456,-11.220587578933513,92.57831543758118
210_Narrow,1680000000.0,0.8768447609584669,0.27701276361632116,-34.20067818850926,95.82319871963377,0.6678534768565676,0.29917956393936085,-18.317039455845848,135.21544404858943
210_Narrow,1690000000.0,0.6972491309258154,0.30317223406075555,-5.848716174039101,72.95044983203603,0.7617992999245256,0.3364703626136924,-16.34586314073528,120.2182086621928
210_Narrow,1700000000.0,0.8516847084165969,0.22455593665131754,-40.81810401055228,99.87221132200759,0.6823949138481403,0.2604746524495189,-32.83026254297474,115.24922502600467
210_Narrow,1710000000.0,0.7818479668247408,0.2763446650647687,41.60660998991697,72.69511547922177,0.6991431085527875,0.2552066221157478,14.520980230333583,127.37321371278365
210_Narrow,1720000000.0,0.7301161700517496,0.26912249713109354,-14.93857172115076,90.07324352944369,0.9055993490760172,0.24793732504007263,-0.7725046179831899,119.45267171275638
210_Narrow,1730000000.0,0.8441894488555943,0.32635027993916793,-5.065285783998307,93.9799682943392,0.7058024479014618,0.30152059553828975,35.37315916793302,93.78244072282277
210_Narrow,1740000000.0,0.6283432554323194,0.2525728636286908,56.1657427880274,104.34737029707087,0.9310796675937582,0.3408518440261851,-0.5324008827458655,130.07306759627136
210_Narrow,1750000000.0,0.7381200191380445,0.32844410524382156,27.15569593086847,88.24407239558495,0.6188334002224276,0.2693118615098736,-13.743713242242288,79.48074146633724
210_Narrow,1760000000.0,0.8211480239305653,0.2550424097052523,14.878535618300475,109.3118328576506,0.753570319035967,0.3249968620578602,-27.51641517807985,111.74069324159348
210_Narrow,1770000000.0,0.7635579434234869,0.26330831650625186,31.29988919435542,103.26984163757504,0.7741906397105401,0.3020762508194828,-61.691740665920875,95.62915282736712
210_Narrow,1780000000.0,0.8197106606665869,0.1979601525264599,-7.892012347305417,95.46741042465968,0.7228365891047279,0.2576149896289439,-10.269976278236685,111.56215233788893
210_Narrow,1790000000.0,0.6269152539407332,0.23155509272758693,30.233146153782258,106.748768738653,0.975874774643977,0.16293133876969274,-0.0022986616373771086,103.50794990907765
210_Narrow,1800000000.0,0.694692672793269,0.09790201240616565,56.31832923968194,108.09593784005637,0.8579384254868535,0.3139806837624227,-18.672067829047222,118.39332999678896
210_Narrow,1810000000.0,0.7342838297167786,0.256457221015096,-21.53322234477696,104.47571681872515,0.8997140577174075,0.4332623094607803,-71.76019646295471,96.9977855039211
210_Narrow,1820000000.0,0.9101438476081182,0.28412757489566925,-22.005967473579574,108.9049671208494,0.8369242823819478,0.28687637236753577,23.17890686079748,70.06235521743753
210_Narrow,1830000000.0,0.8580844243077002,0.176740269875425,-37.450496369370626,72.86368333864654,0.6765352843023281,0.30244419355930485,-9.414558214207599,112.2087571725797
210_Narrow,1840000000.0,0.772595140118634,0.20881498564613246,-27.160546927991728,120.13700502875544,0.6359753678165498,0.36823422403737555,-38.86008501694609,121.52858479187485
210_Narrow,1850000000.0,0.7807394174419192,0.3111332059229342,37.32702405681282,105.3506670603479,0.7771211577847615,0.32826777248371375,41.43269279479095,97.64968637931506
210_Narrow,1860000000.0,0.6553620394713342,0.2678476558424262,-21.58570729690317,110.76888767310649,0.8887760480141463,0.30275277118529437,-54.74133433386214,91.106222881083
210_Narrow,1870000000.0,0.9180009908623442,0.17248238781284173,-34.16561759454871,125.66855372703101,0.8457797195910141,0.25001318039896536,-38.20292554328794,116.16599685307646
210_Narrow,1880000000.0,0.8814175036220269,0.2872170302000929,-56.77421730767689,92.13524756838028,0.920970654559477,0.28056094361814465,2.110832000691161,114.59451756400749
210_Narrow,1890000000.0,0.7885186621934889,0.33814633319524307,52.55388841032408,118.8182591996868,0.7118195696169118,0.3872687722454428,18.364141637283737,107.58351038433084
210_Narrow,1900000000.0,0.7549605497715043,0.23385786249476417,-33.577262881039516,114.4724900390419,0.7033507369424731,0.36380634402648476,26.129374239894176,120.59340759738951
210_Narrow,1910000000.0,0.9402172716531091,0.20444423234695694,40.74590255564118,103.46381923869042,0.7609835793938053,0.29426555594174186,11.810987159212852,108.97009801273757
210_Narrow,1920000000.0,0.7149428886298818,0.3404203718987758,-29.493328113005315,116.21731361091662,0.7494213732215949,0.27453688328494635,-50.88654286092016,90.50130537921552
210_Narrow,1930000000.0,0.8569848705114473,0.3218984449296496,-24.67017179596925,77.43402509510938,0.8149150816309483,0.34597532015648325,31.610363345910258,119.48814144650144
210_Narrow,1940000000.0,0.7642821480296832,0.27826984057911075,-22.241542204997806,90.80238875589926,0.8048873565319602,0.22562983802933748,-36.70809805082338,116.76539077719174
210_Narrow,1950000000.0,0.7411575494593378,0.28394894428365686,-6.808328060201633,103.97921311448813,0.8644989693470695,0.3606301549790589,-23.625531264813,101.40242870815128
210_Narrow,1960000000.0,0.78992683353719,0.31710042372742764,-22.430514894893296,90.51847922365597,0.8369213085039322,0.2749899413438945,25.617701980529812,68.30874924207772
210_Narrow,1970000000.0,0.7337257741696074,0.2544646115014505,-7.047450135502524,105.70734447366064,0.8838667681407023,0.3480911109032338,-7.732982504338537,117.93979318792894
210_Narrow,1980000000.0,0.8342400923466813,0.226993049151624,-6.548104759605706,105.28135870622224,0.8186110873224329,0.2607887390530083,21.201403184861864,90.78120332612856
210_Narrow,1990000000.0,0.7700119299002229,0.329747549737408,-13.575331548186515,123.89184985627885,0.7668444534798887,0.3007157058063224,51.72452135991256,108.9179139715121
210_Narrow,2000000000.0,0.7839813291999432,0.23519973821540674,-9.014948784634534,98.24837516049305,0.6348215912346634,0.27869926674870404,-29.146822371618054,111.01343279666787
